Name,Web of Science Documents,Times Cited,Rank,% Docs Cited,Category Normalized Citation Impact,% Documents in Top 1%,% Documents in Top 10%,% Highly Cited Papers,Highly Cited Papers,% Hot Papers,Documents in JIF Journals,Documents in Q1 Journals,% Documents in Q1 Journals,Documents in Top 1%,Documents in Top 10%,Hot Papers
ENVIRONMENTAL SCIENCES,2101,22443,1,83.53,0.8537807234650167,0.57,6.04,1.09,23,0.05,1676,809,48.27,12,127,1
ECOLOGY,1962,21940,2,79.2,1.2677804281345566,2.45,11.26,1.38,27,0.1,1525,536,35.15,48,221,2
BIOCHEMISTRY & MOLECULAR BIOLOGY,2019,19809,3,78.9,0.8421092620108965,0.59,6.34,0.89,18,0.0,1622,488,30.09,12,128,0
FOOD SCIENCE & TECHNOLOGY,1395,13476,4,82.22,0.8020453046594982,0.43,6.16,0.65,9,0.14,1148,587,51.13,6,86,2
PLANT SCIENCES,1936,13036,5,74.07,0.7799700413223142,0.67,5.37,1.24,24,0.05,1567,726,46.33,13,104,1
"CHEMISTRY, PHYSICAL",1465,12761,6,83.41,0.47856587030716724,0.2,1.77,0.34,5,0.0,1271,165,12.98,3,26,0
ASTRONOMY & ASTROPHYSICS,1444,11129,7,78.12,0.8277420360110804,0.48,6.58,0.28,4,0.0,1121,869,77.52,7,95,0
"GEOSCIENCES, MULTIDISCIPLINARY",1571,10824,8,80.9,0.7504667091024826,0.51,4.9,0.64,10,0.06,1324,270,20.39,8,77,1
CELL BIOLOGY,744,10715,9,82.66,0.8252276881720431,0.54,6.18,0.67,5,0.0,613,186,30.34,4,46,0
"MATERIALS SCIENCE, MULTIDISCIPLINARY",1422,10303,10,81.22,0.5647853727144867,0.0,2.11,0.0,0,0.0,1136,202,17.78,0,30,0
"CHEMISTRY, MULTIDISCIPLINARY",1033,9445,11,79.86,0.5584772507260407,0.0,3.1,0.39,4,0.0,848,170,20.05,0,32,0
MICROBIOLOGY,1110,8642,12,79.55,0.6916127027027027,0.27,4.32,0.27,3,0.0,890,252,28.31,3,48,0
NEUROSCIENCES,975,8391,13,73.85,0.8708580512820514,0.72,7.08,0.62,6,0.0,792,246,31.06,7,69,0
"PHYSICS, PARTICLES & FIELDS",778,8159,14,76.61,1.1247354755784063,0.9,10.15,0.77,6,0.0,593,395,66.61,7,79,0
BIODIVERSITY CONSERVATION,785,7390,15,77.07,1.0612226751592357,1.53,9.04,0.51,4,0.0,579,264,45.6,12,71,0
"CHEMISTRY, APPLIED",624,6524,16,85.42,0.697903685897436,0.0,4.33,0.0,0,0.0,545,308,56.51,0,27,0
PHARMACOLOGY & PHARMACY,887,6399,17,78.02,0.9853174746335964,0.45,6.99,0.68,6,0.11,666,284,42.64,4,62,1
"ENGINEERING, CHEMICAL",823,5859,18,80.92,0.5034346294046173,0.0,2.07,0.0,0,0.0,681,299,43.91,0,17,0
BIOTECHNOLOGY & APPLIED MICROBIOLOGY,692,5853,19,81.79,0.8010096820809249,0.58,5.92,0.58,4,0.14,550,168,30.55,4,41,1
ZOOLOGY,1347,5523,20,71.05,1.0063257609502598,1.04,6.53,0.45,6,0.07,1118,396,35.42,14,88,1
ENDOCRINOLOGY & METABOLISM,640,5163,21,62.03,1.0565843750000001,0.94,5.47,0.47,3,0.0,506,178,35.18,6,35,0
EVOLUTIONARY BIOLOGY,593,5144,22,79.6,1.1714836424957844,2.02,9.95,1.18,7,0.17,496,154,31.05,12,59,1
IMMUNOLOGY,577,4924,23,76.26,0.6258623916811092,0.17,5.72,0.17,1,0.0,490,196,40.0,1,33,0
PALEONTOLOGY,930,4732,24,78.17,1.039633440860215,0.86,10.65,0.11,1,0.0,778,308,39.59,8,99,0
"PHYSICS, APPLIED",679,4600,25,77.91,0.6205584683357879,0.15,3.09,0.15,1,0.0,534,175,32.77,1,21,0
MARINE & FRESHWATER BIOLOGY,809,4466,26,76.27,0.829068108776267,0.62,5.69,0.49,4,0.0,666,287,43.09,5,46,0
ENERGY & FUELS,387,4386,27,84.24,0.6945077519379844,0.26,4.65,0.52,2,0.0,303,109,35.97,1,18,0
POLYMER SCIENCE,468,4360,28,82.91,0.7918707264957265,0.43,5.98,0.21,1,0.0,383,222,57.96,2,28,0
GENETICS & HEREDITY,456,4183,29,76.32,1.0143798245614035,1.32,8.99,0.66,3,0.0,357,120,33.61,6,41,0
METEOROLOGY & ATMOSPHERIC SCIENCES,386,4174,30,81.87,1.0207331606217616,2.07,10.1,2.33,9,0.0,314,133,42.36,8,39,0
NANOSCIENCE & NANOTECHNOLOGY,416,3993,31,83.41,0.5198329326923077,0.0,1.92,0.0,0,0.0,334,70,20.96,0,8,0
"ENGINEERING, ENVIRONMENTAL",343,3814,32,83.09,0.4977008746355685,0.29,2.33,0.29,1,0.0,262,108,41.22,1,8,0
BIOLOGY,592,3769,33,74.83,0.8066601351351351,0.51,7.26,0.34,2,0.0,470,192,40.85,3,43,0
"MEDICINE, RESEARCH & EXPERIMENTAL",265,3716,34,73.21,1.2941762264150944,0.75,9.06,0.75,2,0.0,176,73,41.48,2,24,0
AGRONOMY,595,3682,35,75.63,0.8579250420168067,0.34,5.71,0.17,1,0.0,446,237,53.14,2,34,0
ENTOMOLOGY,780,3671,36,74.74,0.894762435897436,0.9,6.54,0.51,4,0.0,644,227,35.25,7,51,0
NUTRITION & DIETETICS,337,3524,37,79.23,0.8641468842729971,0.3,7.72,0.59,2,0.0,245,121,49.39,1,26,0
INFECTIOUS DISEASES,393,3416,38,76.84,0.9331391857506361,0.76,7.63,0.25,1,0.25,308,133,43.18,3,30,1
PARASITOLOGY,571,3400,39,79.51,0.7299756567425569,0.35,4.55,0.18,1,0.0,449,116,25.84,2,26,0
"PHYSICS, MULTIDISCIPLINARY",622,3303,40,65.92,0.7084440514469453,0.48,4.34,0.48,3,0.0,407,118,28.99,3,27,0
"PHYSICS, CONDENSED MATTER",507,3122,41,80.28,0.4064830374753452,0.0,0.59,0.2,1,0.0,434,87,20.05,0,3,0
"PHYSICS, ATOMIC, MOLECULAR & CHEMICAL",493,3116,42,76.27,0.7168156186612576,0.61,3.45,0.61,3,0.0,397,146,36.78,3,17,0
"CHEMISTRY, ANALYTICAL",417,3038,43,81.53,0.6733067146282974,0.24,3.12,0.0,0,0.0,336,199,59.23,1,13,0
ONCOLOGY,349,2995,44,72.21,0.815980229226361,0.86,6.59,0.29,1,0.0,285,126,44.21,3,23,0
"GEOGRAPHY, PHYSICAL",431,2837,45,83.29,0.7733150812064966,0.46,4.64,0.0,0,0.0,339,95,28.02,2,20,0
GREEN & SUSTAINABLE SCIENCE & TECHNOLOGY,203,2761,46,80.3,1.0112118226600986,1.48,8.37,1.48,3,0.0,152,66,43.42,3,17,0
BIOPHYSICS,438,2747,47,75.11,0.6377143835616438,0.23,4.34,0.0,0,0.0,346,111,32.08,1,19,0
TOXICOLOGY,409,2744,48,82.4,0.7493975550122249,0.0,3.91,0.0,0,0.0,338,116,34.32,0,16,0
ENVIRONMENTAL STUDIES,240,2482,49,73.33,1.1622720833333335,1.25,11.25,1.67,4,0.0,140,67,47.86,3,27,0
"CHEMISTRY, MEDICINAL",325,2476,50,79.69,0.7465076923076923,0.31,5.23,0.62,2,0.0,252,97,38.49,1,17,0
WATER RESOURCES,365,2450,51,76.71,0.7447421917808219,0.55,5.48,0.0,0,0.0,279,113,40.5,2,20,0
VETERINARY SCIENCES,606,2367,52,69.64,0.9723834983498351,0.17,4.29,0.0,0,0.0,441,255,57.82,1,26,0
ELECTROCHEMISTRY,235,2210,53,81.7,0.5878204255319149,0.43,2.13,0.43,1,0.0,193,56,29.02,1,5,0
CLINICAL NEUROLOGY,293,2190,54,68.6,1.368449829351536,1.37,10.58,0.68,2,0.0,221,100,45.25,4,31,0
VIROLOGY,213,2160,55,77.93,1.292344131455399,3.29,10.33,2.35,5,0.47,158,29,18.35,7,22,1
MYCOLOGY,164,2122,56,81.71,1.452496951219512,2.44,10.37,3.05,5,0.0,127,22,17.32,4,17,0
"ENGINEERING, ELECTRICAL & ELECTRONIC",522,2121,57,62.45,0.6052032567049809,0.38,4.98,0.19,1,0.0,284,96,33.8,2,26,0
SOIL SCIENCE,275,2022,58,82.55,0.7135250909090909,1.09,3.27,1.09,3,0.0,224,75,33.48,3,9,0
FORESTRY,392,1951,59,76.02,0.7653028061224489,0.51,3.32,0.26,1,0.0,327,175,53.52,2,13,0
"CHEMISTRY, ORGANIC",195,1875,60,86.67,0.9257179487179488,1.03,9.23,0.51,1,0.0,168,94,55.95,2,18,0
PSYCHIATRY,234,1853,61,71.37,1.3920760683760685,2.56,10.26,1.71,4,0.0,167,82,49.1,6,24,0
GEOCHEMISTRY & GEOPHYSICS,284,1824,62,77.11,0.6602876760563381,0.0,3.52,0.0,0,0.0,225,92,40.89,0,10,0
"AGRICULTURE, MULTIDISCIPLINARY",306,1817,63,76.14,0.8483398692810459,0.0,6.86,0.0,0,0.0,249,142,57.03,0,21,0
"COMPUTER SCIENCE, INTERDISCIPLINARY APPLICATIONS",341,1743,64,75.07,0.5427601173020528,0.0,3.23,0.0,0,0.0,249,83,33.33,0,11,0
GEOLOGY,387,1738,65,74.42,0.9694062015503877,0.26,5.43,0.0,0,0.0,264,59,22.35,1,21,0
OPTICS,424,1722,66,65.09,0.6214195754716981,0.0,2.83,0.24,1,0.0,275,51,18.55,0,12,0
"PHYSICS, NUCLEAR",158,1660,67,72.15,2.0035930379746834,4.43,24.05,1.27,2,0.0,125,47,37.6,7,38,0
INSTRUMENTS & INSTRUMENTATION,204,1653,68,78.92,0.7902656862745099,1.47,4.9,0.49,1,0.0,159,58,36.48,3,10,0
TROPICAL MEDICINE,250,1653,68,82.4,0.9571648000000001,0.8,6.8,0.0,0,0.0,203,119,58.62,2,17,0
"PUBLIC, ENVIRONMENTAL & OCCUPATIONAL HEALTH",371,1598,70,63.07,0.7006981132075472,0.81,5.93,0.81,3,0.0,268,78,29.1,3,22,0
GASTROENTEROLOGY & HEPATOLOGY,106,1592,71,60.38,2.703074528301887,2.83,15.09,2.83,3,0.94,89,45,50.56,3,16,1
MATHEMATICS,659,1581,72,59.48,0.9264808801213962,0.76,7.44,0.46,3,0.0,530,123,23.21,5,49,0
"MATERIALS SCIENCE, BIOMATERIALS",128,1574,73,87.5,0.68318671875,0.0,5.47,0.0,0,0.0,92,18,19.57,0,7,0
METALLURGY & METALLURGICAL ENGINEERING,208,1532,74,82.21,0.7903908653846153,0.96,5.29,0.0,0,0.0,181,109,60.22,2,11,0
"PHYSICS, MATHEMATICAL",353,1488,75,72.52,0.6772742209631728,0.28,3.4,0.0,0,0.0,296,214,72.3,1,12,0
BIOCHEMICAL RESEARCH METHODS,253,1475,76,81.03,0.6421553359683795,0.0,3.56,0.0,0,0.0,171,63,36.84,0,9,0
ARCHAEOLOGY,644,1378,77,58.07,0.78552049689441,0.0,5.59,0.0,0,0.0,280,44,15.71,0,36,0
"MATHEMATICS, APPLIED",547,1370,78,62.71,0.707553382084095,0.18,4.75,0.18,1,0.0,427,135,31.62,1,26,0
OCEANOGRAPHY,263,1357,79,79.47,0.8567334600760456,0.0,6.46,0.38,1,0.0,216,49,22.69,0,17,0
FISHERIES,207,1350,80,78.26,0.8998236714975845,1.45,4.83,0.97,2,0.0,179,41,22.91,3,10,0
REPRODUCTIVE BIOLOGY,363,1222,81,53.17,0.5955691460055097,0.0,4.41,0.0,0,0.0,317,33,10.41,0,16,0
PHYSIOLOGY,216,1214,82,81.02,0.7576342592592593,0.93,4.17,0.0,0,0.0,187,80,42.78,2,9,0
MECHANICS,223,1184,83,81.61,0.5612147982062781,0.0,2.69,0.0,0,0.0,183,90,49.18,0,6,0
AUTOMATION & CONTROL SYSTEMS,216,1173,84,68.06,0.6643833333333333,0.46,5.09,0.46,1,0.0,108,30,27.78,1,11,0
"COMPUTER SCIENCE, ARTIFICIAL INTELLIGENCE",243,1173,84,65.43,0.4826683127572017,0.41,4.12,0.0,0,0.0,104,29,27.88,1,10,0
ECONOMICS,306,1160,86,49.67,0.7811055555555556,0.65,6.54,0.33,1,0.33,139,41,29.5,2,20,1
ANTHROPOLOGY,693,1144,87,48.63,0.7394047619047619,0.29,3.61,0.0,0,0.0,420,91,21.67,2,25,0
"ENGINEERING, CIVIL",132,1122,88,77.27,0.7962787878787879,0.0,7.58,0.0,0,0.0,105,77,73.33,0,10,0
"MATERIALS SCIENCE, COATINGS & FILMS",141,1114,89,90.07,0.720517730496454,0.0,3.55,0.0,0,0.0,122,93,76.23,0,5,0
"PHYSICS, FLUIDS & PLASMAS",217,1091,90,83.87,0.6985285714285715,0.0,4.15,0.0,0,0.0,186,28,15.05,0,9,0
BEHAVIORAL SCIENCES,198,1071,91,80.3,0.6669722222222222,0.0,4.04,0.0,0,0.0,175,32,18.29,0,8,0
CONSTRUCTION & BUILDING TECHNOLOGY,103,1051,92,83.5,0.762052427184466,0.0,4.85,0.0,0,0.0,87,53,60.92,0,5,0
HORTICULTURE,176,1046,93,74.43,0.8276119318181819,0.0,6.82,0.0,0,0.0,135,66,48.89,0,12,0
"PSYCHOLOGY, MULTIDISCIPLINARY",351,996,94,49.29,0.3924774928774929,0.28,3.42,0.28,1,0.0,115,34,29.57,1,12,0
DEVELOPMENTAL BIOLOGY,304,982,95,52.63,0.9105171052631578,0.66,3.62,0.0,0,0.0,265,80,30.19,2,11,0
MULTIDISCIPLINARY SCIENCES,158,974,96,64.56,1.0050265822784812,0.63,7.59,0.63,1,0.0,84,34,40.48,1,12,0
"CHEMISTRY, INORGANIC & NUCLEAR",194,968,97,82.99,0.6702845360824743,0.0,4.64,0.0,0,0.0,160,61,38.12,0,9,0
"MATHEMATICS, INTERDISCIPLINARY APPLICATIONS",198,929,98,71.21,0.7963454545454546,0.51,3.54,0.0,0,0.0,158,68,43.04,1,7,0
"RADIOLOGY, NUCLEAR MEDICINE & MEDICAL IMAGING",131,917,99,77.86,0.8339679389312977,0.0,7.63,0.0,0,0.0,95,35,36.84,0,10,0
"PSYCHOLOGY, EXPERIMENTAL",127,915,100,77.95,1.0412669291338583,1.57,10.24,0.79,1,0.0,111,32,28.83,2,13,0
OBSTETRICS & GYNECOLOGY,193,901,101,35.23,0.986619689119171,1.04,9.33,0.52,1,0.0,165,95,57.58,2,18,0
"ENGINEERING, BIOMEDICAL",181,865,102,65.19,0.649521546961326,0.55,4.42,0.0,0,0.0,103,24,23.3,1,8,0
"AGRICULTURE, DAIRY & ANIMAL SCIENCE",240,841,103,62.92,0.5596975000000001,0.0,1.25,0.0,0,0.0,188,83,44.15,0,3,0
MATHEMATICAL & COMPUTATIONAL BIOLOGY,154,795,104,69.48,0.6887558441558442,0.0,5.19,0.0,0,0.0,116,51,43.97,0,8,0
"ENGINEERING, MECHANICAL",149,777,105,78.52,0.7489020134228188,0.0,3.36,0.0,0,0.0,108,62,57.41,0,5,0
REMOTE SENSING,134,746,106,74.63,0.6409186567164179,0.0,5.22,0.0,0,0.0,76,15,19.74,0,7,0
"ENGINEERING, MULTIDISCIPLINARY",164,722,107,67.68,0.7086664634146341,0.61,3.66,0.0,0,0.0,92,40,43.48,1,6,0
IMAGING SCIENCE & PHOTOGRAPHIC TECHNOLOGY,100,717,108,82.0,0.695404,0.0,5.0,0.0,0,0.0,76,23,30.26,0,5,0
"COMPUTER SCIENCE, INFORMATION SYSTEMS",209,702,109,66.99,0.4823244019138756,0.0,2.39,0.0,0,0.0,140,27,19.29,0,5,0
OPERATIONS RESEARCH & MANAGEMENT SCIENCE,100,649,110,70.0,0.666443,1.0,4.0,0.0,0,0.0,67,25,37.31,1,4,0
GEOGRAPHY,337,648,111,35.61,0.3155810089020772,0.3,2.37,0.3,1,0.0,68,19,27.94,1,8,0
HEMATOLOGY,115,634,112,62.61,0.6515860869565218,0.87,3.48,0.0,0,0.0,95,30,31.58,1,4,0
GERIATRICS & GERONTOLOGY,65,615,113,76.92,1.6472846153846155,4.62,13.85,1.54,1,0.0,49,16,32.65,3,9,0
ORNITHOLOGY,173,609,114,68.79,1.1102179190751444,2.31,9.25,0.58,1,0.0,144,52,36.11,4,16,0
CARDIAC & CARDIOVASCULAR SYSTEMS,136,593,115,63.97,0.8248500000000001,0.0,6.62,0.0,0,0.0,100,28,28.0,0,9,0
"COMPUTER SCIENCE, THEORY & METHODS",236,579,116,55.08,0.5090254237288137,0.0,3.81,0.0,0,0.0,92,27,29.35,0,9,0
EDUCATION & EDUCATIONAL RESEARCH,370,577,117,41.35,0.36821162162162163,0.0,2.16,0.0,0,0.0,80,15,18.75,0,8,0
SPECTROSCOPY,116,574,118,81.03,0.784125,0.0,5.17,0.0,0,0.0,99,41,41.41,0,6,0
THERMODYNAMICS,96,555,119,80.21,0.6063760416666667,0.0,2.08,0.0,0,0.0,75,41,54.67,0,2,0
ANATOMY & MORPHOLOGY,165,527,120,67.88,1.132099393939394,0.0,8.48,0.0,0,0.0,117,14,11.97,0,14,0
"COMPUTER SCIENCE, SOFTWARE ENGINEERING",157,514,121,56.69,0.6474458598726115,0.64,6.37,0.0,0,0.0,65,14,21.54,1,10,0
HEALTH CARE SCIENCES & SERVICES,53,507,122,77.36,2.947464150943396,7.55,13.21,3.77,2,1.89,34,16,47.06,4,7,1
AGRICULTURAL ENGINEERING,47,460,123,89.36,0.8475361702127661,0.0,2.13,0.0,0,0.0,37,33,89.19,0,1,0
NUCLEAR SCIENCE & TECHNOLOGY,120,451,124,82.5,0.7224366666666667,0.0,4.17,0.0,0,0.0,106,41,38.68,0,5,0
"MATERIALS SCIENCE, COMPOSITES",37,443,125,86.49,0.6112972972972973,0.0,5.41,0.0,0,0.0,32,13,40.62,0,2,0
MINERALOGY,75,440,126,80.0,0.7804933333333334,0.0,6.67,0.0,0,0.0,67,29,43.28,0,5,0
PERIPHERAL VASCULAR DISEASE,85,400,127,55.29,0.5334023529411765,0.0,3.53,0.0,0,0.0,57,23,40.35,0,3,0
"SOCIAL SCIENCES, INTERDISCIPLINARY",524,399,128,21.95,0.26983396946564886,0.38,1.53,0.0,0,0.0,86,11,12.79,2,8,0
"PSYCHOLOGY, CLINICAL",99,395,129,60.61,0.7157747474747475,0.0,8.08,0.0,0,0.0,61,20,32.79,0,8,0
RHEUMATOLOGY,32,389,130,37.5,2.814090625,6.25,18.75,3.12,1,0.0,27,15,55.56,2,6,0
"ENGINEERING, MANUFACTURING",23,385,131,95.65,1.0744478260869565,4.35,4.35,0.0,0,0.0,20,5,25.0,1,1,0
STATISTICS & PROBABILITY,123,374,132,63.41,0.9404219512195122,1.63,8.94,0.0,0,0.0,96,43,44.79,2,11,0
NEUROIMAGING,25,370,133,92.0,1.1928400000000001,0.0,12.0,0.0,0,0.0,24,21,87.5,0,3,0
"ENGINEERING, INDUSTRIAL",35,367,134,74.29,0.5783171428571429,2.86,2.86,0.0,0,0.0,23,9,39.13,1,1,0
URBAN STUDIES,167,361,135,42.51,0.36160718562874256,0.0,2.4,0.0,0,0.0,35,16,45.71,0,4,0
PSYCHOLOGY,112,348,136,59.82,0.519744642857143,0.0,4.46,0.0,0,0.0,69,4,5.8,0,5,0
POLITICAL SCIENCE,370,343,137,27.57,0.2741983783783784,0.0,1.89,0.0,0,0.0,56,6,10.71,0,7,0
HISTORY & PHILOSOPHY OF SCIENCE,175,339,138,48.57,0.9574074285714286,0.57,7.43,0.0,0,0.0,77,31,40.26,1,13,0
"DENTISTRY, ORAL SURGERY & MEDICINE",22,338,139,72.73,1.9223681818181821,9.09,27.27,4.55,1,0.0,17,12,70.59,2,6,0
"PSYCHOLOGY, BIOLOGICAL",66,336,140,59.09,0.927719696969697,3.03,10.61,1.52,1,0.0,38,6,15.79,2,7,0
HISTORY,1103,333,141,17.23,0.6612736174070717,0.18,3.26,0.0,0,0.0,96,22,22.92,2,36,0
TELECOMMUNICATIONS,64,333,141,60.94,0.8415609375,1.56,7.81,0.0,0,0.0,42,7,16.67,1,5,0
CRYSTALLOGRAPHY,77,328,143,68.83,0.6827818181818183,0.0,6.49,0.0,0,0.0,71,25,35.21,0,5,0
OPHTHALMOLOGY,66,325,144,53.03,1.062218181818182,0.0,12.12,0.0,0,0.0,49,25,51.02,0,8,0
LIMNOLOGY,97,318,145,75.26,0.6677443298969072,0.0,1.03,0.0,0,0.0,72,13,18.06,0,1,0
INTEGRATIVE & COMPLEMENTARY MEDICINE,55,301,146,70.91,0.7667763636363636,0.0,1.82,0.0,0,0.0,43,26,60.47,0,1,0
LINGUISTICS,130,300,147,45.38,0.4853184615384616,0.0,3.85,0.0,0,0.0,68,11,16.18,0,5,0
PHILOSOPHY,527,294,148,21.82,0.5401208728652752,0.38,3.8,0.0,0,0.0,32,13,40.62,2,20,0
DEVELOPMENT STUDIES,75,285,149,54.67,0.9828413333333335,1.33,6.67,0.0,0,0.0,35,7,20.0,1,5,0
PATHOLOGY,49,285,149,67.35,0.8148591836734694,2.04,4.08,0.0,0,0.0,43,12,27.91,1,2,0
HEALTH POLICY & SERVICES,23,280,151,60.87,4.958673913043478,8.7,13.04,4.35,1,4.35,16,9,56.25,2,3,1
"MATERIALS SCIENCE, TEXTILES",27,266,152,85.19,0.9860481481481481,0.0,7.41,0.0,0,0.0,26,23,88.46,0,2,0
SUBSTANCE ABUSE,68,263,153,66.18,0.7822176470588236,0.0,4.41,0.0,0,0.0,48,16,33.33,0,3,0
MEDICAL INFORMATICS,38,261,154,84.21,0.8803342105263158,2.63,10.53,2.63,1,0.0,28,13,46.43,1,4,0
RESPIRATORY SYSTEM,29,254,155,72.41,1.5205827586206895,3.45,6.9,3.45,1,0.0,27,9,33.33,1,2,0
"MEDICINE, GENERAL & INTERNAL",61,250,156,54.1,0.6031754098360655,0.0,8.2,1.64,1,0.0,45,7,15.56,0,5,0
"MATERIALS SCIENCE, CHARACTERIZATION & TESTING",30,238,157,83.33,0.8601466666666667,0.0,13.33,0.0,0,0.0,26,19,73.08,0,4,0
"MATERIALS SCIENCE, CERAMICS",77,237,158,70.13,0.347925974025974,0.0,0.0,0.0,0,0.0,65,45,69.23,0,0,0
PEDIATRICS,176,237,158,30.11,0.39027159090909097,0.0,4.55,0.0,0,0.0,118,25,21.19,0,8,0
CELL & TISSUE ENGINEERING,20,236,160,80.0,1.07514,5.0,10.0,0.0,0,0.0,15,4,26.67,1,2,0
"PSYCHOLOGY, DEVELOPMENTAL",68,224,161,69.12,0.5426352941176471,0.0,2.94,0.0,0,0.0,56,2,3.57,0,2,0
QUANTUM SCIENCE & TECHNOLOGY,68,217,162,55.88,0.5265661764705882,0.0,1.47,0.0,0,0.0,42,3,7.14,0,1,0
SOCIOLOGY,215,217,162,28.37,0.31925162790697675,0.0,1.86,0.0,0,0.0,37,7,18.92,0,4,0
"ENGINEERING, AEROSPACE",43,216,164,74.42,1.0539139534883721,2.33,4.65,2.33,1,0.0,35,20,57.14,1,2,0
ACOUSTICS,40,215,165,70.0,0.78241,0.0,7.5,0.0,0,0.0,20,13,65.0,0,3,0
SURGERY,72,215,165,48.61,1.3912777777777778,2.78,5.56,0.0,0,0.0,58,38,65.52,2,4,0
LANGUAGE & LINGUISTICS,180,213,167,30.0,5.045205,0.56,5.0,0.0,0,0.0,56,2,3.57,1,9,0
ROBOTICS,51,206,168,60.78,0.5380686274509804,0.0,0.0,0.0,0,0.0,32,3,9.38,0,0,0
CRITICAL CARE MEDICINE,15,202,169,66.67,2.18088,6.67,13.33,6.67,1,0.0,12,2,16.67,1,2,0
LOGIC,83,201,170,48.19,1.5852385542168677,3.61,14.46,0.0,0,0.0,48,16,33.33,3,12,0
SOCIAL ISSUES,116,199,171,31.9,0.4958974137931035,0.0,5.17,0.0,0,0.0,28,8,28.57,0,6,0
"MATERIALS SCIENCE, PAPER & WOOD",25,198,172,68.0,1.111564,0.0,12.0,0.0,0,0.0,22,10,45.45,0,3,0
BUSINESS,37,193,173,54.05,0.5865756756756757,0.0,5.41,0.0,0,0.0,22,1,4.55,0,2,0
INFORMATION SCIENCE & LIBRARY SCIENCE,21,193,173,57.14,0.8995761904761905,4.76,4.76,4.76,1,0.0,10,3,30.0,1,1,0
MANAGEMENT,41,192,175,70.73,0.571929268292683,0.0,4.88,0.0,0,0.0,29,9,31.03,0,2,0
"EDUCATION, SCIENTIFIC DISCIPLINES",78,189,176,48.72,0.6923807692307693,1.28,7.69,0.0,0,0.0,44,0,0.0,1,6,0
INTERNATIONAL RELATIONS,116,185,177,40.52,0.6548629310344828,0.86,5.17,0.0,0,0.0,23,5,21.74,1,6,0
DERMATOLOGY,32,172,178,65.62,0.804175,0.0,9.38,0.0,0,0.0,29,12,41.38,0,3,0
COMMUNICATION,232,150,179,22.41,0.17146939655172416,0.0,1.29,0.0,0,0.0,13,5,38.46,0,3,0
"SOCIAL SCIENCES, BIOMEDICAL",25,141,180,56.0,1.140864,0.0,16.0,0.0,0,0.0,20,7,35.0,0,4,0
REGIONAL & URBAN PLANNING,33,140,181,69.7,0.5140757575757576,0.0,3.03,0.0,0,0.0,20,12,60.0,0,1,0
AREA STUDIES,195,128,182,20.0,0.4467820512820513,0.51,4.1,0.0,0,0.0,40,5,12.5,1,8,0
ART,110,128,182,30.91,1.5697254545454546,1.82,13.64,0.0,0,0.0,9,0,0.0,2,15,0
"PSYCHOLOGY, APPLIED",50,125,184,48.0,0.31024,0.0,2.0,0.0,0,0.0,18,3,16.67,0,1,0
UROLOGY & NEPHROLOGY,28,120,185,50.0,0.6836107142857143,0.0,10.71,0.0,0,0.0,25,8,32.0,0,3,0
"HUMANITIES, MULTIDISCIPLINARY",281,118,186,16.37,0.5814473309608541,0.36,3.91,0.0,0,0.0,12,1,8.33,1,11,0
ANDROLOGY,16,115,187,93.75,1.0615375,0.0,6.25,0.0,0,0.0,14,8,57.14,0,1,0
"PSYCHOLOGY, SOCIAL",21,112,188,66.67,0.840447619047619,0.0,4.76,0.0,0,0.0,14,3,21.43,0,1,0
REHABILITATION,15,107,189,86.67,1.1380000000000001,0.0,13.33,0.0,0,0.0,12,10,83.33,0,2,0
TRANSPORTATION,47,101,190,36.17,0.3078212765957447,0.0,2.13,0.0,0,0.0,13,3,23.08,0,1,0
"ENGINEERING, PETROLEUM",16,99,191,87.5,0.8002875,0.0,6.25,0.0,0,0.0,13,12,92.31,0,1,0
"PSYCHOLOGY, EDUCATIONAL",35,99,191,68.57,0.4816571428571429,0.0,0.0,0.0,0,0.0,19,3,15.79,0,0,0
ETHICS,18,88,193,61.11,0.8607611111111111,0.0,5.56,0.0,0,0.0,14,3,21.43,0,1,0
"MEDICINE, LEGAL",28,88,193,53.57,0.6002535714285715,0.0,3.57,0.0,0,0.0,18,9,50.0,0,1,0
MINING & MINERAL PROCESSING,27,88,193,74.07,0.6314037037037037,0.0,3.7,0.0,0,0.0,22,4,18.18,0,1,0
CULTURAL STUDIES,70,86,196,22.86,1.2433971428571429,1.43,10.0,0.0,0,0.0,20,7,35.0,1,7,0
"ENGINEERING, GEOLOGICAL",23,84,197,69.57,0.5815913043478261,0.0,4.35,0.0,0,0.0,14,3,21.43,0,1,0
AUDIOLOGY & SPEECH-LANGUAGE PATHOLOGY,16,83,198,75.0,1.18458125,6.25,12.5,0.0,0,0.0,6,1,16.67,1,2,0
GERONTOLOGY,12,82,199,75.0,0.8854250000000001,0.0,8.33,0.0,0,0.0,8,8,100.0,0,1,0
INDUSTRIAL RELATIONS & LABOR,37,82,199,45.95,0.7261486486486487,0.0,8.11,0.0,0,0.0,7,3,42.86,0,3,0
"HOSPITALITY, LEISURE, SPORT & TOURISM",32,75,201,43.75,0.253815625,0.0,3.12,0.0,0,0.0,5,1,20.0,0,1,0
MEDICAL ETHICS,8,72,202,75.0,1.6160625,12.5,12.5,0.0,0,0.0,7,2,28.57,1,1,0
LAW,125,66,203,24.0,0.6752872,0.0,5.6,0.0,0,0.0,12,3,25.0,0,7,0
TRANSPLANTATION,43,65,204,27.91,1.0341674418604652,0.0,4.65,0.0,0,0.0,35,21,60.0,0,2,0
"COMPUTER SCIENCE, HARDWARE & ARCHITECTURE",27,63,205,51.85,0.30046666666666666,0.0,3.7,0.0,0,0.0,10,6,60.0,0,1,0
FAMILY STUDIES,12,59,206,58.33,1.44025,0.0,25.0,0.0,0,0.0,6,3,50.0,0,3,0
"LITERATURE, ROMANCE",222,59,206,12.16,1.6840954954954956,1.35,8.11,0.0,0,0.0,7,0,0.0,3,18,0
"PSYCHOLOGY, MATHEMATICAL",9,54,208,66.67,1.114988888888889,0.0,22.22,0.0,0,0.0,8,6,75.0,0,2,0
"BUSINESS, FINANCE",13,53,209,76.92,0.9016923076923078,0.0,0.0,0.0,0,0.0,8,0,0.0,0,0,0
"ENGINEERING, OCEAN",13,44,210,61.54,0.9129307692307692,0.0,15.38,0.0,0,0.0,9,3,33.33,0,2,0
HISTORY OF SOCIAL SCIENCES,39,44,210,35.9,0.6574641025641026,0.0,5.13,0.0,0,0.0,27,12,44.44,0,2,0
EMERGENCY MEDICINE,6,43,212,100.0,2.538816666666667,16.67,33.33,0.0,0,0.0,6,4,66.67,1,2,0
"ENGINEERING, MARINE",12,42,213,58.33,1.0399833333333335,0.0,16.67,0.0,0,0.0,7,6,85.71,0,2,0
LITERATURE,196,41,214,13.27,0.3991295918367347,0.0,2.04,0.0,0,0.0,0,0,0.0,0,4,0
ANESTHESIOLOGY,9,40,215,77.78,1.2726222222222223,0.0,11.11,0.0,0,0.0,6,3,50.0,0,1,0
DEMOGRAPHY,56,40,215,28.57,0.15456428571428574,0.0,0.0,0.0,0,0.0,9,0,0.0,0,0,0
Women's Studies,35,39,217,25.71,0.5477542857142857,0.0,8.57,0.0,0,0.0,9,2,22.22,0,3,0
CRIMINOLOGY & PENOLOGY,16,38,218,56.25,0.61333125,0.0,0.0,0.0,0,0.0,13,2,15.38,0,0,0
RELIGION,71,33,219,26.76,0.7554704225352114,0.0,4.23,0.0,0,0.0,3,0,0.0,0,3,0
ALLERGY,8,31,220,75.0,1.2005375,0.0,25.0,0.0,0,0.0,6,2,33.33,0,2,0
"COMPUTER SCIENCE, CYBERNETICS",16,31,220,68.75,0.19181250000000002,0.0,0.0,0.0,0,0.0,7,1,14.29,0,0,0
"FILM, RADIO, TELEVISION",32,31,220,15.62,0.722221875,3.12,3.12,0.0,0,0.0,2,0,0.0,1,1,0
TRANSPORTATION SCIENCE & TECHNOLOGY,9,30,223,66.67,0.39558888888888893,0.0,0.0,0.0,0,0.0,7,4,57.14,0,0,0
PUBLIC ADMINISTRATION,30,29,224,36.67,0.17399333333333333,0.0,0.0,0.0,0,0.0,8,0,0.0,0,0,0
SOCIAL WORK,14,28,225,42.86,0.5060785714285715,0.0,7.14,0.0,0,0.0,3,0,0.0,0,1,0
SPORT SCIENCES,9,28,225,77.78,0.6929444444444445,0.0,0.0,0.0,0,0.0,7,2,28.57,0,0,0
ARCHITECTURE,54,26,227,25.93,0.5486037037037037,0.0,1.85,0.0,0,0.0,2,0,0.0,0,1,0
MICROSCOPY,11,25,228,63.64,0.4193545454545454,0.0,0.0,0.0,0,0.0,8,4,50.0,0,0,0
AGRICULTURAL ECONOMICS & POLICY,5,17,229,80.0,1.27454,0.0,0.0,0.0,0,0.0,1,0,0.0,0,0,0
NURSING,5,17,229,60.0,1.10118,0.0,20.0,0.0,0,0.0,3,3,100.0,0,1,0
MEDICAL LABORATORY TECHNOLOGY,21,15,231,38.1,0.12537619047619047,0.0,0.0,0.0,0,0.0,15,2,13.33,0,0,0
"SOCIAL SCIENCES, MATHEMATICAL METHODS",22,14,232,40.91,0.21634090909090908,0.0,0.0,0.0,0,0.0,10,3,30.0,0,0,0
ERGONOMICS,8,13,233,62.5,0.23836250000000003,0.0,0.0,0.0,0,0.0,6,2,33.33,0,0,0
ETHNIC STUDIES,10,13,233,40.0,0.56774,0.0,0.0,0.0,0,0.0,2,0,0.0,0,0,0
LITERARY THEORY & CRITICISM,135,13,233,7.41,1.1432037037037037,0.0,4.44,0.0,0,0.0,0,0,0.0,0,6,0
MEDIEVAL & RENAISSANCE STUDIES,41,12,236,17.07,0.7534951219512196,0.0,4.88,0.0,0,0.0,0,0,0.0,0,2,0
CLASSICS,42,9,237,14.29,0.4199309523809524,0.0,2.38,0.0,0,0.0,0,0,0.0,0,1,0
"PSYCHOLOGY, PSYCHOANALYSIS",9,8,238,66.67,1.7358000000000002,0.0,0.0,0.0,0,0.0,0,0,0.0,0,0,0
PRIMARY HEALTH CARE,2,7,239,100.0,5.9738,0.0,50.0,0.0,0,0.0,2,0,0.0,0,1,0
MUSIC,18,2,240,5.56,0.1513888888888889,0.0,0.0,0.0,0,0.0,1,0,0.0,0,0,0
OTORHINOLARYNGOLOGY,4,2,240,50.0,0.5910500000000001,0.0,0.0,0.0,0,0.0,3,0,0.0,0,0,0
"EDUCATION, SPECIAL",2,1,242,50.0,0.07060000000000001,0.0,0.0,0.0,0,0.0,0,0,0.0,0,0,0
ORTHOPEDICS,2,1,242,50.0,0.17025,0.0,0.0,0.0,0,0.0,1,0,0.0,0,0,0
THEATER,14,1,242,7.14,0.1409214285714286,0.0,0.0,0.0,0,0.0,0,0,0.0,0,0,0
ASIAN STUDIES,4,0,245,0.0,0.0,0.0,0.0,0.0,0,0.0,0,0,0.0,0,0,0
DANCE,2,0,245,0.0,0.0,0.0,0.0,0.0,0,0.0,0,0,0.0,0,0,0
FOLKLORE,7,0,245,0.0,0.0,0.0,0.0,0.0,0,0.0,0,0,0.0,0,0,0
LITERARY REVIEWS,7,0,245,0.0,0.0,0.0,0.0,0.0,0,0.0,0,0,0.0,0,0,0
"LITERATURE, GERMAN, DUTCH, SCANDINAVIAN",1,0,245,0.0,0.0,0.0,0.0,0.0,0,0.0,0,0,0.0,0,0,0

Filter Summary:
Dataset: InCites Dataset + ESCI
Schema:  Web of Science
"Time Period:  [2019, 2023]"
Include Early Access documents:  true
Funding Data Source:  All Sources
Domestic/International Collaboration:  All
Organization Name:  [Consejo Nacional de Investigaciones Cientificas y Tecnicas (CONICET)]

"Exported date  Feb 28, 2024. "
"InCites dataset updated  2024-01-25. Includes Web of Science content indexed through 2023-12-31. "

